CG-CFPANet: a multi-task network for built-up area extraction from SDGSAT-1 and Sentinel-2 remote sensing images,https://webofscience.clarivate.cn/wos/alldb/full-record/WOS:001154180500001,[],2024,JCR 一区,"Wang Lei, Chinese Academy of Sciences","Ye Cheng, Guilin University of Electronic Technology","Chen Fang, Chinese Academy of Sciences","Wang Ning, ","Li Congrong, Chinese Academy of Sciences","Zhang Haiying, Chinese Academy of Sciences","Wang Yu, ","Yu Bo, Chinese Academy of Sciences"
Two-stage re-parameterization and sample disentanglement network for surveillance vehicle detection,https://webofscience.clarivate.cn/wos/alldb/full-record/WOS:001269877500001,[],2024,JCR 一区,"Xie Wei, South China University of Technology","Liu Weiming, South China University of Technology","Dai Yuan, Xiangtan University","","","","",""
Accurate Representation Modeling and Interindividual Constraint Learning for Roadside Three-Dimensional Object Detection,https://webofscience.clarivate.cn/wos/alldb/full-record/WOS:001317721100001,[],2024,JCR 一区,"Zhu Jianxiao, Southeast University - China","Li Xu, Southeast University - China","Xu Qimin, Southeast University - China","He Xiang, Southeast University - China","Wang Benwu, Southeast University - China","","",""
An efficient model for small object detection in the maritime environment,https://webofscience.clarivate.cn/wos/alldb/full-record/WOS:001303125800001,APPLIED OCEAN RESEARCH,2024,JCR 一区,"Shao Zeyuan, Dalian Maritime University","Yin Yong, Dalian Maritime University","Lyu Hongguang, Dalian Maritime University","Soares C. Guedes, Universidade de Lisboa","Cheng Tao, ","Jing Qianfeng, Dalian Maritime University","Yang Zhilin, Dalian Maritime University",""
A Step-Wise Domain Adaptation Detection Transformer for Object Detection under Poor Visibility Conditions,https://webofscience.clarivate.cn/wos/alldb/full-record/WOS:001287241600001,[],2024,JCR 一区,"Zhang Gege, Sun Yat Sen University","Wang Luping, Sun Yat Sen University","Chen Zengping, Sun Yat Sen University","","","","",""
Enhancing vehicle detection in intelligent transportation systems via autonomous UAV platform and YOLOv8 integration,https://webofscience.clarivate.cn/wos/alldb/full-record/WOS:001282573800001,[],2024,JCR 一区,"Bakirci Murat, Tarsus University","","","","","","",""
Smart traffic management of vehicles using faster R-CNN based deep learning method,https://webofscience.clarivate.cn/wos/alldb/full-record/WOS:001253949600045,[],2024,JCR 一区,"Chaudhuri Arindam, ","","","","","","",""
NRPerson: A Non-Registered Multi-Modal Benchmark for Tiny Person Detection and Localization,https://webofscience.clarivate.cn/wos/alldb/full-record/WOS:001219855100001,[],2024,JCR 一区,"Yang Yi, Chinese Academy of Sciences","Han Xumeng, Chinese Academy of Sciences","Wang Kuiran, Chinese Academy of Sciences","Yu Xuehui, Chinese Academy of Sciences","Yu Wenwen, Chinese Academy of Sciences","Wang Zipeng, Chinese Academy of Sciences","Li Guorong, Chinese Academy of Sciences","Han Zhenjun, Chinese Academy of Sciences"
A lightweight vehicle detection network fusing feature pyramid and channel attention,https://webofscience.clarivate.cn/wos/alldb/full-record/WOS:001221577000001,[],2024,JCR 一区,"Lu Jian, Xi'an Polytechnic University","Huang Tingting, Xi'an Polytechnic University","Zhang Qi, ","Chen Xiaogai, Xi'an Polytechnic University","Zhou Jian, Xi'an Polytechnic University","","",""
Detection Technique Tailored for Small Targets on Water Surfaces in Unmanned Vessel Scenarios,https://webofscience.clarivate.cn/wos/alldb/full-record/WOS:001192717100001,JOURNAL OF MARINE SCIENCE AND ENGINEERING,2024,JCR 一区,"Zhang Jian, Harbin Engineering University","Huang Wenbin, Northwestern Polytechnical University","Zhuang Jiayuan, Harbin Engineering University","Zhang Renran, Harbin Engineering University","Du Xiang, Harbin Engineering University","","",""
AlexDarkNet: Hybrid CNN architecture for real-time Traffic monitoring with unprecedented reliability,https://webofscience.clarivate.cn/wos/alldb/full-record/WOS:001168585300002,[],2024,JCR 二区,"Joshi Rakhi Madhukarrao, Koneru Lakshmaiah Education Foundation (K L Deemed to be University)","Rao D. S., Koneru Lakshmaiah Education Foundation (K L Deemed to be University)","","","","","",""
Super-Resolution GAN and Global Aware Object Detection System for Vehicle Detection in Complex Traffic Environments,https://webofscience.clarivate.cn/wos/alldb/full-record/WOS:001297342700001,IEEE ACCESS,2024,JCR 二区,"Wang Hongqing, Universiti Kebangsaan Malaysia","Chaw Jun Kit, Universiti Kebangsaan Malaysia","Goh Sim Kuan, Xiamen University Malaysia Campus","Shi Liantao, Shenzhen Polytechnic University","Tin Ting Tin, INTI International University","Huang Nannan, Universiti Kebangsaan Malaysia","Gan Hong-Seng, Xi'an Jiaotong-Liverpool University",""
INTEGRATION OF DEEP LEARNING MODELS FOR VEHICLE COUNTING: TOWARDS OPTIMIZED PLANNING OF URBAN CHARGING INFRASTRUCTURES,https://webofscience.clarivate.cn/wos/alldb/full-record/WOS:001234953400011,"8TH INTERNATIONAL CONFERENCE ON GEOINFORMATION ADVANCES, GEOADVANCES 2024, VOL. 48-4",2024,JCR 一区,"Benayad Mohamed, Hassan II University of Casablanca","Rochd Abdelilah, ","Houran Nouriddine, ","Simou Mohamed Rabii, Hassan II University of Casablanca","Maanan Mehdi, Hassan II University of Casablanca","Rhinane Hassan, Hassan II University of Casablanca","",""
Oriented Ship Detection Based on Soft Thresholding and Context Information in SAR Images of Complex Scenes,https://webofscience.clarivate.cn/wos/alldb/full-record/WOS:001129141000038,[],2024,JCR 一区,"Zhang Chuan, Southwest Jiaotong University","Gao Gui, Southwest Jiaotong University","Liu Jia, ","Duan Dingfeng, Southwest Jiaotong University","","","",""
Multi-Pedestrian Tracking Based on KC-YOLO Detection and Identity Validity Discrimination Module,https://webofscience.clarivate.cn/wos/alldb/full-record/WOS:001119917800001,[],2023,JCR 二区,"Li Jingwen, Guilin University of Technology","Wu Wei, Guilin University of Technology","Zhang Dan, ","Fan Dayong, ","Jiang Jianwu, Guilin University of Technology","Lu Yanling, Guilin University of Technology","Gao Ertao, Guilin University of Technology","Yue Tao, Guilin University of Technology"
Towards Large-Scale Small Object Detection: Survey and Benchmarks,https://webofscience.clarivate.cn/wos/alldb/full-record/WOS:001085050900039,[],2023,JCR 一区,"Cheng Gong, Northwestern Polytechnical University","Yuan Xiang, Northwestern Polytechnical University","Yao Xiwen, Northwestern Polytechnical University","Yan Kebing, Northwestern Polytechnical University","Zeng Qinghua, Northwestern Polytechnical University","Xie Xingxing, Northwestern Polytechnical University","Han Junwei, Northwestern Polytechnical University",""
GSDerainNet: A Deep Network Architecture Based on a Gaussian Shannon Filter for Single Image Deraining,https://webofscience.clarivate.cn/wos/alldb/full-record/WOS:001086033200001,REMOTE SENSING,2023,JCR 二区,"Yao Yanji, ","Shi Zhimin, ","Hu Huiwen, ","Li Jing, Yunnan Agricultural University","Wang Guocheng, ","Liu Lintao, ","",""
Progressive dilation dense residual fusion network for single-image deraining,https://webofscience.clarivate.cn/wos/alldb/full-record/WOS:001067623400001,IET IMAGE PROCESSING,2023,JCR 三区,"Kong Xiaolin, Chang'an University","Gao Tao, Chang'an University","Chen Ting, Chang'an University","Zhang Jing, Australian National University","","","",""
Vehicle detection in diverse traffic using an ensemble convolutional neural backbone via feature concatenation,https://webofscience.clarivate.cn/wos/alldb/full-record/WOS:001061893700001,"","","","","","","","","","",""
Select Informative Samples for Night-Time Vehicle Detection Benchmark in Urban Scenes,https://webofscience.clarivate.cn/wos/alldb/full-record/WOS:001065131600001,REMOTE SENSING,2023,JCR 二区,"Wang Xiao, Wuhan University of Science & Technology","Tu Xingyue, Wuhan University of Science & Technology","Al-Hassani Baraa, Wuhan University of Science & Technology","Lin Chia-Wen, National Tsing Hua University","Xu Xin, Wuhan University of Science & Technology","","",""
Traffic Noise Assessment Using Intelligent Acoustic Sensors (Traffic Ear) and Vehicle Telematics Data,https://webofscience.clarivate.cn/wos/alldb/full-record/WOS:001046454600001,[],2023,JCR 二区,"Ghaffarpasand Omid, University of Birmingham","Almojarkesh Anwar, ","Morris Sophie, ","Stephens Elizabeth, ","Chalabi Alaa, ","Almojarkesh Usamah, ","Almojarkesh Zenah, ","Pope Francis D. D., University of Birmingham"
Deep Learning Techniques for Vehicle Detection and Classification from Images/Videos: A Survey,https://webofscience.clarivate.cn/wos/alldb/full-record/WOS:000996780700001,SENSORS,2023,JCR 二区,"Berwo Michael Abebe, Chang'an University","Khan Asad, Guangzhou University","Fang Yong, Chang'an University","Fahim Hamza, Tongji University","Javaid Shumaila, Tongji University","Mahmood Jabar, Chang'an University","Abideen Zain Ul, Jiangsu University","Syam M. S., Shenzhen University"
Adaptive single image defogging based on sky segmentation,https://webofscience.clarivate.cn/wos/alldb/full-record/WOS:000984294600003,[],2023,JCR 二区,"Wang Wenke, North University of China","Hu Hongping, North University of China","Cao Shengfang, North University of China","Song Na, North University of China","","","",""
LF-YOLO: A Lighter and Faster YOLO for Weld Defect Detection of X-Ray Image,https://webofscience.clarivate.cn/wos/alldb/full-record/WOS:001011420400106,IEEE SENSORS JOURNAL,2023,JCR 一区,"Liu Moyun, Huazhong University of Science & Technology","Chen Youping, Huazhong University of Science & Technology","Xie Jingming, Huazhong University of Science & Technology","He Lei, Huazhong University of Science & Technology","Zhang Yang, Hubei University of Technology","","",""
Latency-Aware Task Scheduling in Software-Defined Edge and Cloud Computing With Erasure-Coded Storage Systems,https://webofscience.clarivate.cn/wos/alldb/full-record/WOS:001004238600035,IEEE TRANSACTIONS ON CLOUD COMPUTING,2023,JCR 一区,"Tang Jianhang, Yanshan University","Jalalzai Mohammad M., University of British Columbia","Feng Chen, University of British Columbia","Xiong Zehui, Singapore University of Technology & Design","Zhang Yang, Nanjing University of Aeronautics & Astronautics","","",""
An improved anchor-free method for traffic scene object detection,https://webofscience.clarivate.cn/wos/alldb/full-record/WOS:000946890000001,MULTIMEDIA TOOLS AND APPLICATIONS,2023,JCR 二区,"Ding Tonghe, Shandong Normal University","Feng Kaili, Shandong Normal University","Yan Yejin, Shandong Normal University","Wei Yanjun, Shandong Normal University","Li Tianping, Shandong Normal University","","",""
Real-time vehicle target detection in inclement weather conditions based on YOLOv4,https://webofscience.clarivate.cn/wos/alldb/full-record/WOS:000951364000001,[],2023,JCR 三区,"Wang Rui, Changchun University of Science & Technology","Zhao He, Changchun University of Science & Technology","Xu Zhengwei, Chengdu University of Technology","Ding Yaming, Changchun University of Science & Technology","Li Guowei, Changchun University of Science & Technology","Zhang Yuxin, Changchun University of Science & Technology","Li Hua, Changchun University of Science & Technology",""
A Fast and Accurate Real-Time Vehicle Detection Method Using Deep Learning for Unconstrained Environments,https://webofscience.clarivate.cn/wos/alldb/full-record/WOS:000947224800001,[],2023,JCR 一区,"Farid Annam, National University of Sciences & Technology - Pakistan","Hussain Farhan, National University of Sciences & Technology - Pakistan","Khan Khurram, GIK Institute Engineering Science & Technology","Shahzad Mohsin, COMSATS University Islamabad (CUI)","Khan Uzair, COMSATS University Islamabad (CUI)","Mahmood Zahid, COMSATS University Islamabad (CUI)","",""
ResiDualGAN: Resize-Residual DualGAN for Cross-Domain Remote Sensing Images Semantic Segmentation,https://webofscience.clarivate.cn/wos/alldb/full-record/WOS:000947226700001,[],2023,JCR 二区,"Zhao Yang, Peking University","Guo Peng, Peking University","Sun Zihao, Peking University","Chen Xiuwan, Peking University","Gao Han, Peking University","","",""
Representative Feature Alignment for Adaptive Object Detection,https://webofscience.clarivate.cn/wos/alldb/full-record/WOS:000941726100017,IEEE TRANSACTIONS ON CIRCUITS AND SYSTEMS FOR VIDEO TECHNOLOGY,2023,JCR 一区,"Xu Shan, South China University of Technology","Zhang Huaidong, South China University of Technology","Xu Xuemiao, South China University of Technology","Hu Xiaowei, Shanghai AI Lab","Xu Yangyang, South China University of Technology","Dai Liangui, Guangdong Leatop Technol Investment Co Ltd","Choi Kup-Sze, Hong Kong Polytech Univ","Heng Pheng-Ann, Chinese Univ Hong Kong"
PerspectiveNet: An Object Detection Method With Adaptive Perspective Box Network Based on Density-Aware,https://webofscience.clarivate.cn/wos/alldb/full-record/WOS:000935656800001,IEEE TRANSACTIONS ON INTELLIGENT TRANSPORTATION SYSTEMS,2023,JCR 一区,"Li Cui-Jin, Chongqing University of Posts & Telecommunications","Qu Zhong, Chongqing University of Posts & Telecommunications","Wang Sheng-Ye, Chongqing University of Posts & Telecommunications","","","","",""
A vehicle detection method based on disparity segmentation,https://webofscience.clarivate.cn/wos/alldb/full-record/WOS:000920621000006,[],2023,JCR 一区,"Li Shiyang, Hangzhou Dianzi University","Chen Jing, Hangzhou Dianzi University","Peng Weimin, Hangzhou Dianzi University","Shi Xiaoying, Hangzhou Dianzi University","Bu Wanghui, Tongji University","","",""
Real-time dense traffic detection using lightweight backbone and improved path aggregation feature pyramid network,https://webofscience.clarivate.cn/wos/alldb/full-record/WOS:000976621600001,[],2023,JCR 一区,"Guo Feng, Shandong University","Wang Yi, University of South Carolina System","Qian Yu, University of South Carolina System","","","","",""
Knowledge Fusion Distillation: Improving Distillation with Multi-scale Attention Mechanisms,https://webofscience.clarivate.cn/wos/alldb/full-record/WOS:000906610600002,NEURAL PROCESSING LETTERS,2023,JCR 三区,"Li Linfeng, Tiangong University","Su Weixing, Tiangong University","Liu Fang, Tiangong University","He Maowei, Tiangong University","Liang Xiaodan, Tiangong University","","",""
Study on Vehicle Recognition Algorithm Based on Convolutional Neural Network,https://webofscience.clarivate.cn/wos/alldb/full-record/WOS:001031393400040,"2023 3RD ASIA-PACIFIC CONFERENCE ON COMMUNICATIONS TECHNOLOGY AND COMPUTER SCIENCE, ACCTCS",2023,JCR 一区,"Wenkai Bi, Moscow Institute of Physics & Technology","","","","","","",""
A CNN-Transformer Hybrid Model Based on CSWin Transformer for UAV Image Object Detection,https://webofscience.clarivate.cn/wos/alldb/full-record/WOS:000917253900002,[],2023,JCR 一区,"Lu Wanjie, PLA Information Engineering University","Lan Chaozhen, PLA Information Engineering University","Niu Chaoyang, PLA Information Engineering University","Liu Wei, PLA Information Engineering University","Lyu Liang, PLA Information Engineering University","Shi Qunshan, PLA Information Engineering University","Wang Shiju, PLA Information Engineering University",""
PVDet: Towards pedestrian and vehicle detection on gigapixel-level images,https://webofscience.clarivate.cn/wos/alldb/full-record/WOS:000903919900008,[],2023,JCR 一区,"Mo Wanghao, Xinjiang University","Zhang Wendong, Xinjiang University","Wei Hongyang, Xinjiang University","Cao Ruyi, Xinjiang University","Ke Yan, Xinjiang University","Luo Yiwen, Xinjiang University","",""
Scale Invariant low frame rate tracking,https://webofscience.clarivate.cn/wos/alldb/full-record/WOS:000895304000001,[],2022,JCR 一区,"Braga Alex P., Centro Universitario da FEI","Acchetta Everton C., Centro Universitario da FEI","Rodrigues Paulo Sergio, Centro Universitario da FEI","","","","",""
2D Winograd CNN Chip for COVID-19 and Pneumonia Detection,https://webofscience.clarivate.cn/wos/alldb/full-record/WOS:000900345400001,[],2023,JCR 二区,"Fan Yu-Cheng, National Taipei University of Technology","Lin Kun-Yao, National Taipei University of Technology","Tsai Yen-Hsun, National Taipei University of Technology","","","","",""
Achieving Adaptive Visual Multi-Object Tracking with Unscented Kalman Filter,https://webofscience.clarivate.cn/wos/alldb/full-record/WOS:000897442800001,SENSORS,2022,JCR 二区,"Zhang Guowei, China University of Mining & Technology","Yin Jiyao, Shenzhen Urban Public Safety & Technology Institute","Deng Peng, Shenzhen Urban Public Safety & Technology Institute","Sun Yanlong, Shenzhen Urban Public Safety & Technology Institute","Zhou Lin, Shenzhen Urban Public Safety & Technology Institute","Zhang Kuiyuan, China University of Mining & Technology","",""
Mixed Stage Partial Network and Background Data Augmentation for Surveillance Object Detection,https://webofscience.clarivate.cn/wos/alldb/full-record/WOS:000921411200061,IEEE TRANSACTIONS ON INTELLIGENT TRANSPORTATION SYSTEMS,2023,JCR 一区,"Chen Ping-Yang, National Yang Ming Chiao Tung University","Hsieh Jun-Wei, National Yang Ming Chiao Tung University","Gochoo Munkhjargal, United Arab Emirates University","Chen Yong-Sheng, National Yang Ming Chiao Tung University","","","",""
A Robust Framework for Object Detection in a Traffic Surveillance System,https://webofscience.clarivate.cn/wos/alldb/full-record/WOS:000881054300001,ELECTRONICS,2022,JCR 二区,"Akhtar Malik Javed, University of Engineering & Technology Taxila","Mahum Rabbia, University of Engineering & Technology Taxila","Butt Faisal Shafique, COMSATS University Islamabad (CUI)","Amin Rashid, Univ Chakwal","El-Sherbeeny Ahmed M., King Saud University","Lee Seongkwan Mark, United Arab Emirates University","Shaikh Sarang, Norwegian Univ Sci & Technol NTNU",""
Swin transformer based vehicle detection in undisciplined traffic environment,https://webofscience.clarivate.cn/wos/alldb/full-record/WOS:000878295700007,EXPERT SYSTEMS WITH APPLICATIONS,2022,JCR 一区,"Deshmukh Prashant, National Institute of Technology (NIT System)","Satyanarayana G. S. R., National Institute of Technology (NIT System)","Majhi Sudhan, Indian Institute of Science (IISC) - Bangalore","Sahoo Upendra Kumar, National Institute of Technology (NIT System)","Das Santos Kumar, National Institute of Technology (NIT System)","","",""
Binary residual feature pyramid network: An improved feature fusion module based on double-channel residual pyramid structure for autonomous detection algorithm,https://webofscience.clarivate.cn/wos/alldb/full-record/WOS:000866258600001,[],2022,JCR 二区,"Luo Tong, Jiangsu University","Wang Hai, Jiangsu University","Cai Yingfeng, Jiangsu University","Chen Long, Jiangsu University","Wang Kuan, Jiangsu University","Yu Yijie, Jiangsu University","",""
Industrial gearbox fault diagnosis based on multi-scale convolutional neural networks and thermal imaging,https://webofscience.clarivate.cn/wos/alldb/full-record/WOS:000876929500005,ISA TRANSACTIONS,2022,JCR 一区,"Li Yongbo, Northwestern Polytechnical University","Du Xiaoqiang, ","Wang Xianzhi, ","Si Shubin, ","","","",""
Semi-MoreGAN: Semi-supervised Generative Adversarial Network for Mixture of Rain Removal,https://webofscience.clarivate.cn/wos/alldb/full-record/WOS:001008797000040,[],2023,JCR 一区,"Shen Yiyang, Nanjing University of Aeronautics & Astronautics","Wang Yongzhen, Nanjing University of Aeronautics & Astronautics","Wei Mingqiang, Nanjing University of Aeronautics & Astronautics","Chen Honghua, Nanjing University of Aeronautics & Astronautics","Xie Haoran, Lingnan University","Cheng Gary, Education University of Hong Kong (EdUHK)","Wang Fu Lee, Hong Kong Metropolitan University",""
A Two-Branch Pedestrian Detection Method for Small and Blurred Target,https://webofscience.clarivate.cn/wos/alldb/full-record/WOS:000859027200001,IEEJ TRANSACTIONS ON ELECTRICAL AND ELECTRONIC ENGINEERING,2022,JCR 四区,"Han Yufei, Beijing Institute of Technology","Li Hai, Beijing Institute of Technology","Hou Shujuan, Beijing Institute of Technology","","","","",""
Making You Only Look Once Faster: Toward Real-Time Intelligent Transportation Detection,https://webofscience.clarivate.cn/wos/alldb/full-record/WOS:000854613300001,[],2022,JCR 一区,"Dai Yuan, South China University of Technology","Liu Weiming, South China University of Technology","Xie Wei, South China University of Technology","Liu Ruikang, South China University of Technology","Zheng Zhongxing, South China University of Technology","Long Kejun, Changsha University of Science & Technology","Wang Liang, ","Mao Liang, "
An Automated Learning Framework With Limited and Cross-Domain Data for Traffic Equipment Detection From Surveillance Videos,https://webofscience.clarivate.cn/wos/alldb/full-record/WOS:000842737700001,IEEE TRANSACTIONS ON INTELLIGENT TRANSPORTATION SYSTEMS,2022,JCR 一区,"Zhou Wei, Southeast University - China","Liu Yuqing, Southeast University - China","Wang Chen, Southeast University - China","Zhan Yunfei, Southeast University - China","Dai Yulu, Southeast University - China","Wang Ruiyu, Southeast University - China","",""
Vision-Based Autonomous Vehicle Systems Based on Deep Learning: A Systematic Literature Review,https://webofscience.clarivate.cn/wos/alldb/full-record/WOS:000832013800001,[],2022,JCR 二区,"Pavel Monirul Islam, Universiti Kebangsaan Malaysia","Tan Siok Yee, Universiti Kebangsaan Malaysia","Abdullah Azizi, Universiti Kebangsaan Malaysia","","","","",""
Vehicle fusion detection in visible and infrared thermal images via spare network and dynamic weight coefficient-based Dempster-Shafer evidence theory,https://webofscience.clarivate.cn/wos/alldb/full-record/WOS:000867557000057,[],2022,JCR 一区,"Zhang Xunxun, Xi'an University of Architecture & Technology","Peng Lang, Xi'an University of Architecture & Technology","Lu Xiaoyu, Xi'an University of Architecture & Technology","","","","",""
Orientation aware weapons detection in visual data: a benchmark dataset,https://webofscience.clarivate.cn/wos/alldb/full-record/WOS:000817012500001,COMPUTING,2022,JCR 一区,"Haq N. U., National University of Sciences & Technology - Pakistan","Fraz M. M., National University of Sciences & Technology - Pakistan","Hashmi T. S., National University of Sciences & Technology - Pakistan","Shahzad M., National University of Sciences & Technology - Pakistan","","","",""
Last Decade in Vehicle Detection and Classification: A Comprehensive Survey,https://webofscience.clarivate.cn/wos/alldb/full-record/WOS:000811428900002,ARCHIVES OF COMPUTATIONAL METHODS IN ENGINEERING,2022,JCR 一区,"Maity Sourajit, Jadavpur University","Bhattacharyya Avirup, Jadavpur University","Singh Pawan Kumar, Jadavpur University","Kumar Munish, Maharaja Ranjit Singh Punjab Tech Univ","Sarkar Ram, Jadavpur University","","",""
A Two-Stage Hybrid Extreme Learning Model for Short-Term Traffic Flow Forecasting,https://webofscience.clarivate.cn/wos/alldb/full-record/WOS:000817453300001,MATHEMATICS,2022,JCR 一区,"Cui Zhihan, Shantou University","Huang Boyu, Shantou University","Dou Haowen, Shantou University","Cheng Yan, Shantou University","Guan Jitian, Shantou University","Zhou Teng, Shantou University","",""
Traffic state prediction using conditionally Gaussian observed Markov fuzzy switching model,https://webofscience.clarivate.cn/wos/alldb/full-record/WOS:000800230500001,[],2022,JCR 一区,"Bouyahia Zied, Dhofar University","Haddad Hedi, Dhofar University","Derrode Stephane, Centre National de la Recherche Scientifique (CNRS)","Pieczynski Wojciech, IMT - Institut Mines-Telecom","","","",""
SA-YOLOv3: An Efficient and Accurate Object Detector Using Self-Attention Mechanism for Autonomous Driving,https://webofscience.clarivate.cn/wos/alldb/full-record/WOS:000790829400018,IEEE TRANSACTIONS ON INTELLIGENT TRANSPORTATION SYSTEMS,2022,JCR 一区,"Tian Daxin, Beihang University","Lin Chunmian, Beihang University","Zhou Jianshan, Beihang University","Duan Xuting, Beihang University","Cao Yue, Beihang University","Zhao Dezong, Loughborough University","Cao Dongpu, University of Waterloo",""
Efficient multi-model integration neural network framework for nighttime vehicle detection,https://webofscience.clarivate.cn/wos/alldb/full-record/WOS:000782544600004,[],2022,JCR 一区,"Li Jianfang, Hunan University","Xiao Degui, Hunan University","Yang Qiuwei, Hunan University","","","","",""
Covariance Attention for Semantic Segmentation,https://webofscience.clarivate.cn/wos/alldb/full-record/WOS:000764815300013,[],2022,JCR 一区,"Liu Yazhou, Nanjing University of Science & Technology","Chen Yuliang, Nanjing University of Science & Technology","Lasang Pongsak, Panasonic","Sun Quansen, Nanjing University of Science & Technology","","","",""
Recent Advances in Vision-Based On-Road Behaviors Understanding: A Critical Survey,https://webofscience.clarivate.cn/wos/alldb/full-record/WOS:000780806600001,SENSORS,2022,JCR 二区,"Trabelsi Rim, Universite de Rouen Normandie","Khemmar Redouane, Universite de Rouen Normandie","Decoux Benoit, Universite de Rouen Normandie","Ertaud Jean-Yves, Universite de Rouen Normandie","Butteau Remi, Universite de Rouen Normandie","","",""
A Traffic Event Detection Method Based on Random Forest and Permutation Importance,https://webofscience.clarivate.cn/wos/alldb/full-record/WOS:000778250800001,[],2022,JCR 一区,"Su Ziyi, Nanjing University of Science & Technology","Liu Qingchao, Jiangsu University","Zhao Chunxia, Nanjing University of Science & Technology","Sun Fengming, Nanjing University of Science & Technology","","","",""
Slicing-Based Reliable Resource Orchestration for Secure Software-Defined Edge-Cloud Computing Systems,https://webofscience.clarivate.cn/wos/alldb/full-record/WOS:000752017900022,IEEE INTERNET OF THINGS JOURNAL,2022,JCR 一区,"Tang Jianhang, Yanshan University","Nie Jiangtian, Nanyang Technological University","Xiong Zehui, Singapore University of Technology & Design","Zhao Jun, Nanyang Technological University","Zhang Yang, Nanjing University of Aeronautics & Astronautics","Niyato Dusit, Nanyang Technological University","",""
Real-Time Monocular Joint Perception Network for Autonomous Driving,https://webofscience.clarivate.cn/wos/alldb/full-record/WOS:000754278300001,[],2022,JCR 一区,"Li Keqiang, Tsinghua University","Xiong Hui, Tsinghua University","Liu Jinxin, Tsinghua University","Xu Qing, Tsinghua University","Wang Jianqiang, Tsinghua University","","",""
Dense Traffic Detection at Highway-Railroad Grade Crossings,https://webofscience.clarivate.cn/wos/alldb/full-record/WOS:000745472900001,IEEE TRANSACTIONS ON INTELLIGENT TRANSPORTATION SYSTEMS,2022,JCR 一区,"Guo Feng, University of South Carolina System","Jiang Zhuocheng, University of South Carolina System","Wang Yi, University of South Carolina System","Chen Chen, State University System of Florida","Qian Yu, University of South Carolina System","","",""
Traffic sign detection based on improved faster R-CNN for autonomous driving,https://webofscience.clarivate.cn/wos/alldb/full-record/WOS:000739278100003,JOURNAL OF SUPERCOMPUTING,2022,JCR 二区,"Li Xiaomei, Chongqing University","Xie Zhijiang, Chongqing University","Deng Xiong, Chongqing University","Wu Yanxue, Chongqing University","Pi Yangjun, Chongqing University","","",""
A complementary and precise vehicle detection approach in RGB-T images via semi-supervised transfer learning and decision-level fusion,https://webofscience.clarivate.cn/wos/alldb/full-record/WOS:000741718600001,INTERNATIONAL JOURNAL OF REMOTE SENSING,2022,JCR 二区,"Zhang Xun Xun, Natl Expt Teaching Ctr Civil Engn Virtual Simulat","Lu Xiao Yu, Natl Expt Teaching Ctr Civil Engn Virtual Simulat","Peng Lang, Natl Expt Teaching Ctr Civil Engn Virtual Simulat","","","","",""
A Robust Vehicle Detection Model Based on Attention and Multi-scale Feature Fusion,https://webofscience.clarivate.cn/wos/alldb/full-record/WOS:000972901000027,"2022 14TH INTERNATIONAL CONFERENCE ON WIRELESS COMMUNICATIONS AND SIGNAL PROCESSING, WCSP",2023,JCR 一区,"Zhu Yuxin, Southwest Jiaotong University","Liu Wenbo, Southwest Jiaotong University","Yan Fei, Southwest Jiaotong University","Li Jun, China Elect Product Reliabil & Environm Testing R","","","",""
Small object detection combining attention mechanism and a novel FPN,https://webofscience.clarivate.cn/wos/alldb/full-record/WOS:000771196600056,JOURNAL OF INTELLIGENT & FUZZY SYSTEMS,2022,JCR 三区,"Chen Junying, Xi'an University of Architecture & Technology","Liu Shipeng, Xi'an University of Architecture & Technology","Zhao Liang, Xi'an University of Architecture & Technology","Chen Dengfeng, Xi'an University of Architecture & Technology","Zhang Weihua, Xi'an University of Architecture & Technology","","",""
A lightweight deep neural network with higher accuracy,https://webofscience.clarivate.cn/wos/alldb/full-record/WOS:000837840000012,[],2022,JCR 一区,"Zhao Liquan, Northeast Electric Power University","Wang Leilei, Northeast Electric Power University","Jia Yanfei, Beihua University","Cui Ying, ","","","",""
Traffic incident detection based on a global trajectory spatiotemporal map,https://webofscience.clarivate.cn/wos/alldb/full-record/WOS:000731502900001,COMPLEX & INTELLIGENT SYSTEMS,2021,JCR 一区,"Liang Haoxiang, Chang'an University","Song Huansheng, Chang'an University","Yun Xu, Chang'an University","Sun Shijie, Chang'an University","Wang Yingxuan, Chang'an University","Zhang Zhaoyang, Chang'an University","",""
A Real-Time Object Detector for Autonomous Vehicles Based on YOLOv4,https://webofscience.clarivate.cn/wos/alldb/full-record/WOS:000799681600006,COMPUTATIONAL INTELLIGENCE AND NEUROSCIENCE,2022,JCR 二区,"Wang Rui, Changchun University of Science & Technology","Wang Ziyue, Changchun University of Science & Technology","Xu Zhengwei, Chengdu University of Technology","Wang Chi, Changchun University of Science & Technology","Li Qiang, Changchun University of Science & Technology","Zhang Yuxin, Changchun University of Science & Technology","Li Hua, Changchun University of Science & Technology",""
Vehicle Detection and Disparity Estimation Using Blended Stereo Images,https://webofscience.clarivate.cn/wos/alldb/full-record/WOS:000722000500010,[],2021,JCR 一区,"Zhou Changxin, Nanjing University of Science & Technology","Liu Yazhou, Nanjing University of Science & Technology","Sun Quansen, Nanjing University of Science & Technology","Lasang Pongsak, ","","","",""
Attention guided contextual feature fusion network for salient object detection,https://webofscience.clarivate.cn/wos/alldb/full-record/WOS:000724261200004,IMAGE AND VISION COMPUTING,2022,JCR 二区,"Zhang Jin, Shanghai Institute of Technology","Shi Yanjiao, Shanghai Institute of Technology","Zhang Qing, Shanghai Institute of Technology","Cui Liu, Shanghai Institute of Technology","Chen Ying, Shanghai Institute of Technology","Yi Yugen, Jiangxi Normal University","",""
Deep Learning for Unmanned Aerial Vehicle-Based Object Detection and Tracking: A Survey,https://webofscience.clarivate.cn/wos/alldb/full-record/WOS:000732115900001,IEEE GEOSCIENCE AND REMOTE SENSING MAGAZINE,2021,JCR 一区,"Wu Xin, Qingdao University","Li Wei, Xidian University","Hong Danfeng, Qingdao Univ","Tao Ran, Communaute Universite Grenoble Alpes","Du Qian, ","","",""
Pedestrian and Vehicle Detection in Autonomous Vehicle Perception Systems-A Review,https://webofscience.clarivate.cn/wos/alldb/full-record/WOS:000718964000001,[],2021,JCR 二区,"Galvao Luiz G., Brunel University","Abbod Maysam, Brunel University","Kalganova Tatiana, Brunel University","Palade Vasile, Coventry University","Huda Md Nazmul, Brunel University","","",""
Channel spatial attention based single-shot object detector for autonomous vehicles,https://webofscience.clarivate.cn/wos/alldb/full-record/WOS:000696768700005,[],2021,JCR 二区,"Singh Divya, Indian Institute of Technology System (IIT System)","Srivastava Rajeev, Indian Institute of Technology System (IIT System)","","","","","",""
Application of Convolution Neural Network (CNN) Model Combined with Pyramid Algorithm in Aerobics Action Recognition,https://webofscience.clarivate.cn/wos/alldb/full-record/WOS:000700351600005,[],2021,JCR 二区,"Liang Qi, Guangdong University of Finance & Economics","","","","","","",""
Vehicle Detection in Remote Sensing Image Based on Machine Vision,https://webofscience.clarivate.cn/wos/alldb/full-record/WOS:000687443200003,COMPUTATIONAL INTELLIGENCE AND NEUROSCIENCE,2021,JCR 二区,"Zhou Liming, Henan University","Zheng Chang, Henan University","Yan Haoxin, Henan University","Zuo Xianyu, Henan University","Qiao Baojun, Henan University","Zhou Bing, Henan University","Fan Minghu, Henan University","Liu Yang, Henan University"
Vehicle Detection in Very-High-Resolution Remote Sensing Images Based on an Anchor-Free Detection Model with a More Precise Foveal Area,https://webofscience.clarivate.cn/wos/alldb/full-record/WOS:000689133000001,ISPRS INTERNATIONAL JOURNAL OF GEO-INFORMATION,2021,JCR 二区,"Li Xungen, Hangzhou Dianzi University","Men Feifei, Hangzhou Dianzi University","Lv Shuaishuai, Hangzhou Dianzi University","Jiang Xiao, Hangzhou Dianzi University","Pan Mian, Hangzhou Dianzi University","Ma Qi, Hangzhou Dianzi University","Yu Haibin, Hangzhou Dianzi University",""
Oil Well Detection via Large-Scale and High-Resolution Remote Sensing Images Based on Improved YOLO v4,https://webofscience.clarivate.cn/wos/alldb/full-record/WOS:000690136600001,[],2021,JCR 二区,"Shi Pengfei, Jilin University","Jiang Qigang, Jilin University","Shi Chao, Jilin University","Xi Jing, Jilin University","Tao Guofang, Jilin University","Zhang Sen, Jilin University","Zhang Zhenchao, Jilin University","Liu Bin, Jilin University"
Research on highway vehicle detection based on faster R-CNN and domain adaptation,https://webofscience.clarivate.cn/wos/alldb/full-record/WOS:000670730900001,APPLIED INTELLIGENCE,2021,JCR 二区,"Yin Guanxiang, East China Jiaotong University","Yu Meng, East China Jiaotong University","Wang Meng, East China Jiaotong University","Hu Yong, ","Zhang Yuejin, East China Jiaotong University","","",""
Accurate and efficient vehicle detection framework based on SSD algorithm,https://webofscience.clarivate.cn/wos/alldb/full-record/WOS:000665695900001,[],2021,JCR 一区,"Zhao Min, Chongqing University","Zhong Yuan, Chongqing University","Sun Dihua, Chongqing University","","","","",""
Multiscale Feature Learning Based on Enhanced Feature Pyramid for Vehicle Detection,https://webofscience.clarivate.cn/wos/alldb/full-record/WOS:000670623200001,[],2021,JCR 一区,"Nguyen Hoanh, Industrial University of Ho Chi Minh City","","","","","","",""
YOLOv3-MT: A YOLOv3 using multi-target tracking for vehicle visual detection,https://webofscience.clarivate.cn/wos/alldb/full-record/WOS:000658142200004,[],2021,JCR 二区,"Wang Kun, Civil Aviation University of China","Liu Maozhen, Civil Aviation University of China","","","","","",""
A lightweight Tiny-YOLOv3 vehicle detection approach,https://webofscience.clarivate.cn/wos/alldb/full-record/WOS:000654094700001,[],2021,JCR 二区,"Taheri Tajar Alireza, Bu Ali Sina University","Ramazani Abbas, Bu Ali Sina University","Mansoorizadeh Muharram, Bu Ali Sina University","","","","",""
Offset Detection of Grate Trolley's Side Plate Based on YOLOv4,https://webofscience.clarivate.cn/wos/alldb/full-record/WOS:000659050800001,JOURNAL OF SENSORS,2021,JCR 三区,"Wang Yueming, Inner Mongolia University of Science & Technology","Li Zhenru, Inner Mongolia University of Science & Technology","Fang Liangrui, Inner Mongolia University of Science & Technology","Li Qi, Inner Mongolia University of Science & Technology","","","",""
A fast and effective video vehicle detection method leveraging feature fusion and proposal temporal link,https://webofscience.clarivate.cn/wos/alldb/full-record/WOS:000651349500001,[],2021,JCR 二区,"Yang Yanni, Chang'an University","Song Huansheng, Chang'an University","Sun Shijie, Chang'an University","Zhang Wentao, Chang'an University","Chen Yan, Chang'an University","Rakal Lionel, Chang'an University","Fang Yong, Chang'an University",""
On-road vehicle detection in varying weather conditions using faster R-CNN with several region proposal networks,https://webofscience.clarivate.cn/wos/alldb/full-record/WOS:000644268000003,MULTIMEDIA TOOLS AND APPLICATIONS,2021,JCR 二区,"Ghosh Rajib, National Institute of Technology (NIT System)","","","","","","",""
End-to-end trainable network for degraded license plate detection via vehicle-plate relation mining,https://webofscience.clarivate.cn/wos/alldb/full-record/WOS:000660569000001,NEUROCOMPUTING,2021,JCR 一区,"Chen Song-Lu, University of Science & Technology Beijing","Tian Shu, University of Science & Technology Beijing","Ma Jia-Wei, University of Science & Technology Beijing","Liu Qi, University of Science & Technology Beijing","Yang Chun, University of Science & Technology Beijing","Chen Feng, University of Science & Technology Beijing","Yin Xu-Cheng, University of Science & Technology Beijing",""
U-FPNDet: A one-shot traffic object detector based on U-shaped feature pyramid module,https://webofscience.clarivate.cn/wos/alldb/full-record/WOS:000632071700001,IET IMAGE PROCESSING,2021,JCR 三区,"Ke Xiao, Fuzhou University","Li Jianping, Fuzhou University","","","","","",""
ScanEV-A neural network-based tool for the automated detection of extracellular vesicles in TEM images,https://webofscience.clarivate.cn/wos/alldb/full-record/WOS:000649635600004,[],2021,JCR 一区,"Nikishin Igor, Lomonosov Moscow State University","Dulimov Ruslan, ","Skryabin Gleb, ","Galetsky Sergey, ","Tchevkina Elena, ","Bagrov Dmitry, Lomonosov Moscow State University","",""
A traffic flow estimation method based on unsupervised change detection,https://webofscience.clarivate.cn/wos/alldb/full-record/WOS:000618938700001,MULTIMEDIA SYSTEMS,2021,JCR 二区,"Zhou Ying, Northwestern Polytechnical University","Lei Yu, Northwestern Polytechnical University","Yang Shenghui, Northwestern Polytechnical University","Shao Tao, Northwestern Polytechnical University","Tian Dayong, Northwestern Polytechnical University","Shi Jiao, Northwestern Polytechnical University","",""
Review on Vehicle Detection Technology for Unmanned Ground Vehicles,https://webofscience.clarivate.cn/wos/alldb/full-record/WOS:000624695500001,SENSORS,2021,JCR 二区,"Liu Qi, Beijing Institute of Technology","Li Zirui, Beijing Institute of Technology","Yuan Shihua, Beijing Institute of Technology","Zhu Yuzheng, Beijing Institute of Technology","Li Xueyuan, Beijing Institute of Technology","","",""
Multi-object Tracking for Urban and Multilane Traffic: Building Blocks for Real-World Application,https://webofscience.clarivate.cn/wos/alldb/full-record/WOS:000783390600079,"PROCEEDINGS OF THE 23RD INTERNATIONAL CONFERENCE ON ENTERPRISE INFORMATION SYSTEMS (ICEIS 2021), VOL 1",2022,JCR 一区,"Bumanis Nikolajs, Latvia University of Life Sciences & Technologies","Vitols Gatis, WeAreDots Ltd","Arhipova Irina, WeAreDots Ltd","Solmanis Egons, WeAreDots Ltd","","","",""
Research on Traffic Target Detection Method Based on Improved YOLOv3,https://webofscience.clarivate.cn/wos/alldb/full-record/WOS:000706493800008,2021 4TH INTERNATIONAL CONFERENCE ON INTELLIGENT AUTONOMOUS SYSTEMS (ICOIAS 2021),2021,JCR 一区,"Zhang Xinyu, Wuhan University of Science & Technology","Ding Sheng, Wuhan University of Science & Technology","","","","","",""
Vehicle Detection and Tracking using YOLO and DeepSORT,https://webofscience.clarivate.cn/wos/alldb/full-record/WOS:000680842300005,11TH IEEE SYMPOSIUM ON COMPUTER APPLICATIONS & INDUSTRIAL ELECTRONICS (ISCAIE 2021),2021,JCR 一区,"Bin Zuraimi Muhammad Azhad, Universiti Teknologi MARA","Zaman Fadhlan Hafizhelmi Kamaru, Universiti Teknologi MARA","","","","","",""
Forground-Guided Vehicle Perception Framework,https://webofscience.clarivate.cn/wos/alldb/full-record/WOS:000681331400056,2020 25TH INTERNATIONAL CONFERENCE ON PATTERN RECOGNITION (ICPR),2021,JCR 一区,"Tian Kun, Chinese Academy of Sciences","Zhou Tong, Chinese Academy of Sciences","Xiang Shiming, Chinese Academy of Sciences","Pan Chunhong, Chinese Academy of Sciences","","","",""
YOLOv4-5D: An Effective and Efficient Object Detector for Autonomous Driving,https://webofscience.clarivate.cn/wos/alldb/full-record/WOS:000633244500002,IEEE TRANSACTIONS ON INSTRUMENTATION AND MEASUREMENT,2021,JCR 一区,"Cai Yingfeng, Jiangsu University","Luan Tianyu, Jiangsu University","Gao Hongbo, Chinese Academy of Sciences","Wang Hai, Jiangsu University","Chen Long, Jiangsu University","Li Yicheng, Jiangsu University","Sotelo Miguel Angel, Universidad de Alcala","Li Zhixiong, Yonsei University"
Single-Image Real-Time Rain Removal Based on Depth-Guided Non-Local Features,https://webofscience.clarivate.cn/wos/alldb/full-record/WOS:000608685000006,IEEE TRANSACTIONS ON IMAGE PROCESSING,2021,JCR 一区,"Hu Xiaowei, Chinese University of Hong Kong","Zhu Lei, Chinese University of Hong Kong","Wang Tianyu, Chinese University of Hong Kong","Fu Chi-Wing, Chinese University of Hong Kong","Heng Pheng-Ann, Chinese University of Hong Kong","","",""
Defect detection of printed circuit board based on lightweight deep convolution network,https://webofscience.clarivate.cn/wos/alldb/full-record/WOS:000626224500034,IET IMAGE PROCESSING,2020,JCR 三区,"Shen Jiaquan, Nanjing University of Aeronautics & Astronautics","Liu Ningzhong, Nanjing University of Aeronautics & Astronautics","Sun Han, Nanjing University of Aeronautics & Astronautics","","","","",""
Real-time monitoring of traffic parameters,https://webofscience.clarivate.cn/wos/alldb/full-record/WOS:000596016900001,JOURNAL OF BIG DATA,2020,JCR 一区,"Khazukov Kirill, South Ural State University","Shepelev Vladimir, South Ural State University","Karpeta Tatiana, South Ural State University","Shabiev Salavat, South Ural State University","Slobodin Ivan, South Ural State University","Charbadze Irakli, South Ural State University","Alferova Irina, South Ural State University",""
Research on Object Detection Algorithm Based on Multilayer Information Fusion,https://webofscience.clarivate.cn/wos/alldb/full-record/WOS:000582525000004,[],2020,JCR 四区,"Chen Bao-Yuan, Harbin University of Science & Technology","Shen Yu-Kun, Harbin University of Science & Technology","Sun Kun, Harbin University of Science & Technology","","","","",""
A steel surface defect inspection approach towards smart industrial monitoring,https://webofscience.clarivate.cn/wos/alldb/full-record/WOS:000571362300001,JOURNAL OF INTELLIGENT MANUFACTURING,2020,JCR 一区,"Hao Ruiyang, Tsinghua University","Lu Bingyu, Tsinghua University","Cheng Ying, Beihang University","Li Xiu, Tsinghua University","Huang Biqing, Tsinghua University","","",""
Small vehicle classification in the wild using generative adversarial network,https://webofscience.clarivate.cn/wos/alldb/full-record/WOS:000570466300005,[],2020,JCR 二区,"Wang Xu, Nanjing University of Aeronautics & Astronautics","Chen Xiaoming, Nanjing University of Aeronautics & Astronautics","Wang Yanping, Nanjing University of Aeronautics & Astronautics","","","","",""
Identification of distinguishing characteristics of intersections based on statistical analysis and data from video cameras,https://webofscience.clarivate.cn/wos/alldb/full-record/WOS:001028150500002,[],2020,JCR 一区,"Shepelev Vladimir, South Ural State University","Aliukov Sergei, South Ural State University","Glushkov Alexander, South Ural State University","Shabiev Salavat, South Ural State University","","","",""
Vehicle Detection with Self-Training for Adaptative Video Processing Embedded Platform,https://webofscience.clarivate.cn/wos/alldb/full-record/WOS:000569744000001,APPLIED SCIENCES-BASEL,2020,JCR 二区,"Cygert Sebastian, Fahrenheit Universities","Czyzewski Andrzej, Fahrenheit Universities","","","","","",""
Deeply Supervised Z-Style Residual Network Devotes to Real-Time Environment Perception for Autonomous Driving,https://webofscience.clarivate.cn/wos/alldb/full-record/WOS:000545427200015,[],2020,JCR 一区,"Dai Xuerui, Beijing Jiaotong University","Yuan Xue, Beijing Jiaotong University","Pei Liu, Beijing Jiaotong University","Wei Xueye, Beijing Jiaotong University","","","",""
Traffic scene semantic segmentation using self -attention mechanism and bi-directional GRU to correlate context,https://webofscience.clarivate.cn/wos/alldb/full-record/WOS:000528861400024,NEUROCOMPUTING,2020,JCR 一区,"Min Yan, Beijing Institute of Technology","Junzheng Wang, Beijing Institute of Technology","Jing Li, Beijing Institute of Technology","Ke Zhang, Beijing Institute of Technology","Zimu Yang, Beijing Institute of Technology","","",""
The Capacity of the Road Network: Data Collection and Statistical Analysis of Traffic Characteristics,https://webofscience.clarivate.cn/wos/alldb/full-record/WOS:000537688400234,ENERGIES,2020,JCR 三区,"Shepelev Vladimir, South Ural State University","Aliukov Sergei, South Ural State University","Nikolskaya Kseniya, South Ural State University","Shabiev Salavat, South Ural State University","","","",""
Uncertainty-based Object Detector for Autonomous Driving Embedded Platforms,https://webofscience.clarivate.cn/wos/alldb/full-record/WOS:000720328700004,2020 2ND IEEE INTERNATIONAL CONFERENCE ON ARTIFICIAL INTELLIGENCE CIRCUITS AND SYSTEMS (AICAS 2020),2021,JCR 一区,"Choi Jiwoong, Seoul National University (SNU)","Chun Dayoung, Seoul National University (SNU)","Lee Hyuk-Jae, Seoul National University (SNU)","Kim Hyun, Seoul National University of Science & Technology","","","",""
A lightweight vehicle detection and tracking technique for advanced driving assistance systems,https://webofscience.clarivate.cn/wos/alldb/full-record/WOS:000578311500009,[],2020,JCR 三区,"Farag Wael, American University of the Middle East","","","","","","",""
KL-DIVERGENCE-BASED REGION PROPOSAL NETWORK FOR OBJECT DETECTION,https://webofscience.clarivate.cn/wos/alldb/full-record/WOS:000646178502022,2020 IEEE INTERNATIONAL CONFERENCE ON IMAGE PROCESSING (ICIP),2021,JCR 一区,"Seo Geonseok, Seoul National University (SNU)","Yoo Jaeyoung, Seoul National University (SNU)","Choi Jaeseok, Seoul National University (SNU)","Kwak Nojun, Seoul National University (SNU)","","","",""
A Lightweight CNN Model for Refining Moving Vehicle Detection From Satellite Videos,https://webofscience.clarivate.cn/wos/alldb/full-record/WOS:000600841700001,IEEE ACCESS,2021,JCR 二区,"Chen Renxi, Hohai University","Li Xinhui, Nanjing University of Information Science & Technology","Li Shengyang, Chinese Academy of Sciences","","","","",""
A Robust Vehicle Detection Scheme for Intelligent Traffic Surveillance Systems in Smart Cities,https://webofscience.clarivate.cn/wos/alldb/full-record/WOS:000558137600001,IEEE ACCESS,2020,JCR 二区,"Wang Zhiyuan, Shanghai Normal University","Huang Jifeng, Shanghai Normal University","Xiong Neal N., Northeastern State University","Zhou Xiaoping, Shanghai Normal University","Lin Xiao, Shanghai Normal University","Ward Theodore Lee, Northeastern State University","",""
CODAN: Counting-driven Attention Network for Vehicle Detection in Congested Scenes,https://webofscience.clarivate.cn/wos/alldb/full-record/WOS:000810735000009,MM '20: PROCEEDINGS OF THE 28TH ACM INTERNATIONAL CONFERENCE ON MULTIMEDIA,2020,JCR 一区,"Li Wei, Southwest Jiaotong University","Wang Zhenting, Southwest Jiaotong University","Wu Xiao, Southwest Jiaotong University","Zhang Ji, Southwest Jiaotong University","Peng Qiang, Southwest Jiaotong University","Li Hongliang, University of Electronic Science & Technology of China","",""
Environmental Sensitivity Evaluation of Neural Networks in Unmanned Vehicle Perception Module,https://webofscience.clarivate.cn/wos/alldb/full-record/WOS:000569342900263,2020 IEEE WIRELESS COMMUNICATIONS AND NETWORKING CONFERENCE (WCNC),2020,JCR 一区,"Li Yuru, Peking University","Duan Dongliang, University of Wyoming","Chen Chen, Peking University","Cheng Xiang, Peking University","Yang Liuying, Colorado State University","","",""
Pyramid Spatial Context Features for Salient Object Detection,https://webofscience.clarivate.cn/wos/alldb/full-record/WOS:000538766800016,[],2020,JCR 二区,"Li Hui, Huizhou University","","","","","","",""
A Classification Algorithm Based on Complex Number Feature,https://webofscience.clarivate.cn/wos/alldb/full-record/WOS:000524753200108,IEEE ACCESS,2020,JCR 二区,"Xu Ying, Shenzhen University","Lu Zefeng, Shenzhen University","Liu Licai, Shenzhen University","Cai Daseng, Shenzhen University","","","",""
Feature and Box Propagation for Video Vehicle Detection,https://webofscience.clarivate.cn/wos/alldb/full-record/WOS:001200368900066,CICTP 2020: TRANSPORTATION EVOLUTION IMPACTING FUTURE MOBILITY,2020,JCR 一区,"Yang Yanni, Chang'an University","Song Huansheng, Chang'an University","Dai Zhe, Chang'an University","Zhang Wentao, Chang'an University","Chen Yan, Chang'an University","","",""
A noise-immune Kalman filter for short-term traffic flow forecasting,https://webofscience.clarivate.cn/wos/alldb/full-record/WOS:000500034900038,PHYSICA A-STATISTICAL MECHANICS AND ITS APPLICATIONS,2019,JCR 二区,"Cai Lingru, Shantou University","Zhang Zhanchang, Shantou University","Yang Junjie, Shantou University","Yu Yidan, Shantou University","Zhou Teng, Shantou University","Qin Jing, Hong Kong Polytechnic University","",""
Multi-task learning for quality assessment of fetal head ultrasound images,https://webofscience.clarivate.cn/wos/alldb/full-record/WOS:000496605700018,MEDICAL IMAGE ANALYSIS,2019,JCR 一区,"Lin Zehui, Shenzhen University","Li Shengli, Southern Medical University - China","Ni Dong, Shenzhen University","Liao Yimei, Southern Medical University - China","Wen Huaxuan, Southern Medical University - China","Du Jie, Shenzhen University","Chen Siping, Shenzhen University","Wang Tianfu, Shenzhen University"
Improving Faster R-CNN Framework for Fast Vehicle Detection,https://webofscience.clarivate.cn/wos/alldb/full-record/WOS:000501598100001,[],2019,JCR 四区,"Hoanh Nguyen, Industrial University of Ho Chi Minh City","","","","","","",""
A Multibranch Object Detection Method for Traffic Scenes,https://webofscience.clarivate.cn/wos/alldb/full-record/WOS:000501216000002,COMPUTATIONAL INTELLIGENCE AND NEUROSCIENCE,2019,JCR 二区,"Feng Jiangfan, Chongqing University of Posts & Telecommunications","Wang Fanjie, Chongqing University of Posts & Telecommunications","Feng Siqin, Chongqing University of Posts & Telecommunications","Peng Yongrong, Central South University","","","",""
An Efficient and Scene-Adaptive Algorithm for Vehicle Detection in Aerial Images Using an Improved YOLOv3 Framework,https://webofscience.clarivate.cn/wos/alldb/full-record/WOS:000502272600017,ISPRS INTERNATIONAL JOURNAL OF GEO-INFORMATION,2019,JCR 二区,"Zhang Xunxun, Xi'an University of Architecture & Technology","Zhu Xu, ","","","","","",""
Orientation- and Scale-Invariant Multi-Vehicle Detection and Tracking from Unmanned Aerial Videos,https://webofscience.clarivate.cn/wos/alldb/full-record/WOS:000489101500085,[],2019,JCR 二区,"Wang Jie, University of Calgary","Simeonova Sandra, University of Calgary","Shahbazi Mozhdeh, University of Calgary","","","","",""
Using Vehicle Synthesis Generative Adversarial Networks to Improve Vehicle Detection in Remote Sensing Images,https://webofscience.clarivate.cn/wos/alldb/full-record/WOS:000488826400031,ISPRS INTERNATIONAL JOURNAL OF GEO-INFORMATION,2019,JCR 二区,"Zheng Kun, Beijing University of Technology","Wei Mengfei, Beijing University of Technology","Sun Guangmin, Beijing University of Technology","Anas Bilal, Beijing University of Technology","Li Yu, Beijing University of Technology","","",""
Traffic flow estimation with data from a video surveillance camera,https://webofscience.clarivate.cn/wos/alldb/full-record/WOS:000599138700001,JOURNAL OF BIG DATA,2019,JCR 一区,"Fedorov Aleksandr, South Ural State University","Nikolskaia Kseniia, South Ural State University","Ivanov Sergey, South Ural State University","Shepelev Vladimir, South Ural State University","Minbaleev Alexey, Russian Academy of Sciences","","",""
Assessment of Convolution Neural Networks for Wetland Mapping with Landsat in the Central Canadian Boreal Forest Region,https://webofscience.clarivate.cn/wos/alldb/full-record/WOS:000465549300037,[],2019,JCR 二区,"Pouliot Darren, Environment & Climate Change Canada","Latifovic Rasim, Natural Resources Canada","Pasher Jon, Environment & Climate Change Canada","Duffe Jason, Environment & Climate Change Canada","","","",""
Vehicle Detection in Urban Traffic Surveillance Images Based on Convolutional Neural Networks with Feature Concatenation,https://webofscience.clarivate.cn/wos/alldb/full-record/WOS:000459941200157,[],2019,JCR 二区,"Zhang Fukai, China University of Mining & Technology-Beijing","Li Ce, China University of Mining & Technology-Beijing","Yang Feng, China University of Mining & Technology-Beijing","","","","",""
Joint Object Detection and Depth Estimation in Multiplexed Image,https://webofscience.clarivate.cn/wos/alldb/full-record/WOS:000487835100006,IEEE ACCESS,2019,JCR 二区,"Zhou Changxin, Nanjing University of Science & Technology","Liu Yazhou, Nanjing University of Science & Technology","Sun Quansen, Nanjing University of Science & Technology","Lasang Pongsak, Panasonic","","","",""
Part-Aware Region Proposal for Vehicle Detection in High Occlusion Environment,https://webofscience.clarivate.cn/wos/alldb/full-record/WOS:000480346100001,[],2019,JCR 二区,"Zhang Weiwei, Shanghai University of Engineering Science","Zheng Yaocheng, Shanghai University of Engineering Science","Gao Qiaoming, Guangxi University of Science & Technology","Mi Zeyang, Shanghai University of Engineering Science","","","",""
SSD-MSN: An Improved Multi-Scale Object Detection Network Based on SSD,https://webofscience.clarivate.cn/wos/alldb/full-record/WOS:000474702100001,[],2019,JCR 二区,"Chen Zuge, North China Electric Power University","Wu Kehe, North China Electric Power University","Li Yuanbo, North China Electric Power University","Wang Minjian, North China Electric Power University","Li Wei, North China Electric Power University","","",""
DALocNet: Improving Localization Accuracy for Domain Adaptive Object Detection,https://webofscience.clarivate.cn/wos/alldb/full-record/WOS:000469860600001,[],2019,JCR 二区,"Yu Yushan, South China University of Technology","Xu Xuemiao, South China University of Technology","Hu Xiaowei, ","Heng Pheng-Ann, ","","","",""
